Position,Residue,Conservation
1,M,2.7
2,P,3.4
3,G,0.2
4,S,0.7
5,L,0.1
6,I,1.7
7,D,1.4
8,T,10.1
9,R,1.8
10,Q,4.7
11,Q,1.8
12,P,28.6
13,L,19.7
14,S,8.9
15,V,33.3
16,G,0.5
17,I,56.4
18,V,47.4
19,G,70.6
20,G,62.7
21,G,70.9
22,I,62.5
23,I,10.7
24,G,70.7
25,V,18.5
26,I,7.0
27,L,71.8
28,A,77.1
29,A,7.3
30,G,52.9
31,L,91.1
32,V,4.1
33,R,28.9
34,R,60.6
35,G,36.1
36,I,52.2
37,D,5.9
38,V,55.7
39,K,16.4
40,V,25.1
41,F,8.7
42,E,98.1
43,Q,33.6
44,A,86.7
45,R,7.4
46,G,8.1
47,F,80.3
48,R,17.4
49,E,92.6
50,I,75.3
51,G,94.1
52,A,89.9
53,G,97.1
54,M,2.9
55,A,34.3
56,F,78.8
57,T,34.3
58,A,15.7
59,N,73.6
60,A,78.8
61,V,31.8
62,R,52.1
63,C,20.6
64,M,83.6
65,E,19.9
66,M,6.4
67,L,24.5
68,D,48.1
69,P,77.9
70,A,16.9
71,I,53.2
72,V,9.6
73,W,0.1
74,A,61.7
75,L,19.3
76,R,13.2
77,S,5.4
78,S,2.5
79,G,7.8
80,A,12.6
81,V,54.6
82,P,2.1
83,I,1.0
84,S,13.8
85,I,0.4
86,G,22.5
87,D,16.3
88,H,0.5
89,Q,3.2
90,A,0.6
91,E,1.5
92,A,4.1
93,R,1.7
94,D,18.1
95,Y,18.2
96,L,12.1
97,R,17.0
98,W,21.4
99,V,24.0
100,D,56.8
101,G,90.4
102,Y,27.5
103,H,11.0
104,E,7.4
105,S,0.4
106,S,4.4
107,K,14.8
108,R,3.0
109,L,43.4
110,Y,12.9
111,Q,7.3
112,L,35.7
113,D,6.1
114,A,14.0
115,G,75.3
116,I,2.0
117,R,10.8
118,G,22.3
119,F,28.3
120,E,15.7
121,A,10.6
122,C,32.3
123,R,22.0
124,R,99.1
125,D,7.9
126,Q,17.7
127,F,83.0
128,L,87.3
129,E,20.4
130,A,16.4
131,L,70.0
132,V,52.3
133,K,55.9
134,V,3.8
135,L,34.4
136,P,96.1
137,E,26.2
138,G,43.4
139,I,24.2
140,V,36.3
141,E,12.4
142,C,1.3
143,Q,3.2
144,K,96.2
145,R,58.1
146,L,74.5
147,Q,7.3
148,K,5.0
149,I,38.7
150,H,2.7
151,E,44.1
152,K,3.4
153,N,1.0
154,E,3.3
155,T,1.9
156,E,7.8
157,K,39.7
158,V,48.1
159,T,14.0
160,L,73.1
161,E,1.9
162,F,99.0
163,A,29.6
164,D,98.1
165,G,96.0
166,T,57.2
167,F,0.4
168,A,68.9
169,H,2.7
170,V,4.2
171,D,79.1
172,C,1.2
173,V,78.9
174,I,66.3
175,G,90.0
176,A,5.2
177,D,99.2
178,G,99.1
179,I,87.3
180,R,15.2
181,S,97.4
182,R,49.3
183,V,54.2
184,R,94.0
185,Q,30.9
186,H,5.0
187,L,42.7
188,F,15.8
189,G,86.0
190,E,31.3
191,D,47.5
192,S,10.4
193,P,70.8
194,Y,0.6
195,S,34.0
196,H,11.1
197,P,64.6
198,H,9.6
199,Y,63.2
200,S,44.5
201,H,50.1
202,K,73.0
203,F,7.8
204,A,75.0
205,F,10.7
206,R,98.8
207,G,64.5
208,L,75.1
209,I,48.2
210,T,1.0
211,M,84.5
212,E,30.3
213,N,1.5
214,A,83.7
215,I,30.8
216,S,4.7
217,A,53.2
218,L,64.3
219,G,95.8
220,E,53.5
221,D,14.5
222,K,29.2
223,A,77.7
224,R,26.3
225,T,9.7
226,L,0.5
227,N,2.7
228,M,64.5
229,H,45.1
230,V,11.4
231,G,96.4
232,P,46.1
233,N,16.5
234,A,40.3
235,H,80.1
236,L,21.5
237,I,16.0
238,H,13.3
239,Y,36.6
240,P,90.6
241,V,64.7
242,A,37.8
243,N,17.5
244,E,1.6
245,T,24.7
246,M,10.9
247,V,10.6
248,N,95.9
249,I,17.6
250,A,8.5
251,A,74.0
252,F,75.6
253,V,21.0
254,S,32.7
255,D,46.4
256,P,35.8
257,E,15.1
258,E,27.7
259,W,94.0
260,P,36.1
261,D,5.8
262,K,1.2
263,L,0.2
264,S,4.2
265,L,26.1
266,V,48.6
267,G,1.0
268,P,51.7
269,A,42.5
270,T,35.6
271,R,43.6
272,E,43.5
273,E,41.3
274,A,24.1
275,M,3.0
276,G,2.6
277,Y,1.5
278,F,76.6
279,A,26.6
280,N,5.2
281,W,57.4
282,N,8.4
283,P,57.1
284,G,0.6
285,L,5.3
286,R,36.4
287,A,18.7
288,V,8.1
289,L,30.5
290,G,6.2
291,F,0.8
292,M,30.3
293,P,70.8
294,E,25.9
295,N,2.9
296,I,18.5
297,D,28.9
298,R,8.6
299,W,98.6
300,A,83.3
301,M,3.6
302,F,90.6
303,D,60.4
304,T,17.6
305,Y,8.9
306,D,54.9
307,Y,11.4
308,P,93.8
309,A,39.5
310,P,67.0
311,F,3.5
312,F,30.4
313,S,9.0
314,R,21.0
315,G,77.3
316,K,4.6
317,I,28.6
318,C,62.4
319,L,54.4
320,V,17.4
321,G,99.5
322,D,99.4
323,A,94.3
324,A,96.9
325,H,99.5
326,A,95.3
327,A,7.8
328,V,0.7
329,P,99.4
330,H,85.5
331,H,47.2
332,G,98.7
333,A,78.5
334,G,99.0
335,A,96.2
336,C,10.0
337,I,8.2
338,G,39.6
339,I,64.8
340,E,99.4
341,D,98.9
342,A,64.4
343,L,40.1
344,C,8.4
345,A,0.1
346,T,3.3
347,V,4.0
348,L,74.4
349,L,78.5
350,A,27.1
351,E,24.4
352,V,57.9
353,F,1.3
354,V,1.3
355,S,3.2
356,T,1.1
357,R,7.4
358,G,9.5
359,K,1.8
360,S,5.4
361,S,1.8
362,I,0.7
363,V,2.3
364,R,12.8
365,N,4.2
366,R,3.9
367,A,20.5
368,I,27.2
369,A,5.0
370,A,46.4
371,A,79.5
372,F,67.2
373,G,1.6
374,S,1.6
375,F,30.9
376,N,14.4
377,A,31.2
378,V,49.7
379,R,98.1
380,R,62.4
381,V,0.8
382,R,98.9
383,A,9.8
384,Q,80.9
385,W,57.9
386,F,1.3
387,V,86.2
388,D,4.0
389,S,49.3
390,S,91.0
391,R,79.7
392,R,20.2
393,V,16.5
394,C,13.7
395,D,30.0
396,L,54.0
397,Y,64.6
398,Q,15.1
399,Q,7.3
400,P,4.2
401,E,12.6
402,W,47.5
403,A,6.3
404,D,20.4
405,P,27.4
406,Q,2.9
407,K,6.1
408,R,3.7
409,I,1.9
410,K,7.4
411,A,10.7
412,E,30.8
413,N,0.8
414,C,14.3
415,F,9.6
416,E,33.3
417,E,41.6
418,I,32.7
419,K,15.7
420,D,10.2
421,R,74.2
422,S,19.1
423,H,20.6
424,K,23.7
425,I,67.6
426,W,75.3
427,H,10.4
428,F,23.5
429,D,77.1
430,Y,4.7
431,N,4.3
432,S,2.0
433,M,42.9
434,L,27.1
435,Q,7.7
436,E,32.1
437,A,61.5
438,I,4.5
439,E,15.0
440,K,7.4
441,Y,17.2
442,R,13.1
443,H,0.7
444,N,1.5
445,M,5.6
446,G,8.2
447,S,3.4
